Model,Accuracy,Precision,Recall,F1-Score,AUC-ROC,TP,TN,FP,FN,Train Time (s)
Logistic Regression,0.7485,0.6392654878354652,0.7485,0.6437586418257761,0.5813992609591143,11960,16,3988,36,2.73
Random Forest,0.74975,0.5621250625,0.74975,0.6425204314902129,0.6430995438372897,11996,0,4004,0,3.52
Decision Tree,0.7436875,0.6576336328793302,0.7436875,0.6546151953136372,0.5981346200481745,11757,142,3862,239,7.82
GBT,0.751125,0.7328951309307437,0.751125,0.6480428606203414,0.6563414598905596,11976,42,3962,20,117.29
